<?xml version="1.0" encoding="UTF-8"?>
<project-private xmlns="http://www.netbeans.org/ns/project-private/1">
    <editor-bookmarks xmlns="http://www.netbeans.org/ns/editor-bookmarks/2" lastBookmarkId="1">
        <file>
            <url>web/components/navbar.jsp</url>
            <bookmark id="1">
                <name/>
                <line>62</line>
                <key/>
            </bookmark>
        </file>
    </editor-bookmarks>
    <open-files xmlns="http://www.netbeans.org/ns/projectui-open-files/2">
        <group>
            <file>file:/D:/Code-Stuff/Github_Landing/FPTU/PRJ/Workshop_1_PRJ301/web/css/adminSetting.css</file>
            <file>file:/D:/Code-Stuff/Github_Landing/FPTU/PRJ/Workshop_1_PRJ301/web/adminSetting.jsp</file>
            <file>file:/D:/Code-Stuff/Github_Landing/FPTU/PRJ/Workshop_1_PRJ301/src/java/Controller/AdminDashboardController.java</file>
            <file>file:/D:/Code-Stuff/Github_Landing/FPTU/PRJ/Workshop_1_PRJ301/src/java/DAO/CategoryDAO.java</file>
            <file>file:/D:/Code-Stuff/Github_Landing/FPTU/PRJ/Workshop_1_PRJ301/src/java/DAO/AccountDAO.java</file>
            <file>file:/D:/Code-Stuff/Github_Landing/FPTU/PRJ/Workshop_1_PRJ301/web/index.jsp</file>
        </group>
    </open-files>
</project-private>
