<?xml version="1.0" encoding="UTF-8"?>
<project-private xmlns="http://www.netbeans.org/ns/project-private/1">
    <editor-bookmarks xmlns="http://www.netbeans.org/ns/editor-bookmarks/2" lastBookmarkId="0"/>
    <open-files xmlns="http://www.netbeans.org/ns/projectui-open-files/2">
        <group>
            <file>file:/D:/FPT%20Tool/CSD201/FA24/Nop%20khao%20thi/Test0/Q1/Q1A/Given/src/MyStore.java</file>
            <file>file:/D:/FPT%20Tool/CSD201/FA24/Nop%20khao%20thi/Test0/Q1/Q1A/Given/src/Fruit.java</file>
        </group>
    </open-files>
</project-private>
